timestamp,open,high,low,close,volume,cwr,current_range,avg_range
2025-06-18 20:36:37.801769,50142.92,50443.92,49751.45,50000.0,4402.33,1.0,692.4700000000012,692.4700000000012
2025-06-18 21:36:37.801825,50041.02,53428.66,49351.96,52722.04,3474.45,1.7096056546526963,4076.7000000000044,2384.5850000000028
2025-06-18 22:36:37.801877,52748.78,54101.27,51948.81,53957.23,4487.37,0.9329276485452117,2152.459999999999,2307.2100000000014
2025-06-18 23:36:37.801900,53948.21,54005.52,53146.89,53274.05,1643.04,0.44144026035119505,858.6299999999974,1945.0650000000005
2025-06-19 00:36:37.802002,53281.87,54047.49,52180.24,52647.15,1025.54,0.9677367527994268,1867.25,1929.5020000000004
2025-06-19 01:36:37.802041,52657.21,53250.02,52549.56,52988.24,3536.02,0.40614342716494095,700.4599999999991,1724.6616666666669
2025-06-19 02:36:37.802062,52990.71,53493.53,52140.02,52209.0,4044.11,0.809689885382021,1353.510000000002,1671.6400000000006
2025-06-19 03:36:37.802083,52204.02,55272.72,51542.14,54823.46,1410.04,1.9339375300510757,3730.5800000000017,1929.0075000000006
2025-06-19 04:36:37.802102,54838.76,57029.32,54761.87,56249.64,2203.85,1.1529725964165094,2267.449999999997,1966.6122222222225
2025-06-19 05:36:37.802119,56257.12,56564.36,55062.96,55614.52,1182.97,0.7819421058689412,1501.4000000000015,1920.0910000000003
2025-06-19 06:36:37.802137,55575.58,56549.06,53656.45,54625.32,3998.61,1.4401829133610216,2892.6100000000006,2008.5018181818186
2025-06-19 07:36:37.802156,54710.84,57004.22,54579.19,56802.48,2094.51,1.1868711648935186,2425.029999999999,2043.2125000000003
2025-06-19 08:36:37.802173,56798.75,57318.74,56081.75,56632.5,1654.5,0.6243654763208216,1236.989999999998,1981.1953846153847
2025-06-19 09:36:37.802478,56574.67,57716.12,55903.58,57634.88,3618.04,0.9204688901076902,1812.5400000000009,1969.1485714285716
2025-06-19 10:36:37.802499,57675.71,58082.11,56321.22,56385.78,2729.34,0.9005890762614572,1760.8899999999994,1955.2646666666667
2025-06-19 11:36:37.802519,56489.91,56930.03,55624.51,55928.06,4935.91,0.6818562998763795,1305.5199999999968,1914.6556249999999
2025-06-19 12:36:37.802539,55868.22,56443.86,55737.92,55937.24,1852.42,0.3829232719525558,705.9400000000023,1843.554705882353
2025-06-19 13:36:37.802559,55867.23,56152.26,55781.59,55995.83,4872.77,0.21040140518619974,370.67000000000553,1761.727777777778
2025-06-19 14:36:37.802578,56076.67,56369.37,55269.42,55531.11,4083.69,0.6369515757648742,1099.9500000000044,1726.8973684210532
2025-06-19 15:36:37.802601,55566.8,56216.94,55533.77,56083.69,4683.39,0.4079330702431675,683.1700000000055,1674.7110000000007
2025-06-19 16:36:37.802621,56158.23,56776.63,54383.95,54757.79,1469.23,1.3596924286030483,2392.6800000000003,1759.7215000000008
2025-06-19 17:36:37.802641,54720.75,54774.14,54532.89,54663.78,1256.84,0.15386342285367696,241.25,1567.9490000000005
2025-06-19 18:36:37.802660,54762.23,54969.7,54181.76,54773.93,2241.45,0.525390355418964,787.939999999995,1499.7230000000004
2025-06-19 19:36:37.802724,54749.15,55633.54,54571.67,55268.41,3779.93,0.7032787265255315,1061.8700000000026,1509.8850000000007
2025-06-19 20:36:37.802746,55134.45,56837.92,55093.25,56027.02,2922.03,1.1602081720704673,1744.6699999999983,1503.7560000000005
2025-06-19 21:36:37.802766,56026.82,56183.93,54235.83,54414.37,3238.59,1.2438878310851267,1948.0999999999985,1566.1380000000004
2025-06-19 22:36:37.802786,54351.33,54399.72,53176.49,53253.22,1351.47,0.7843108338932991,1223.2300000000032,1559.6240000000005
2025-06-19 23:36:37.802810,53199.88,54924.6,52854.74,54640.5,4202.35,1.4017857384727492,2069.8600000000006,1476.5880000000004
2025-06-20 00:36:37.802836,54625.14,55103.73,54588.32,55044.76,3545.72,0.37106925483770403,515.4100000000035,1388.9860000000008
2025-06-20 01:36:37.802859,55048.04,55642.37,53872.32,54602.35,3856.35,1.2621410798559787,1770.050000000003,1402.418500000001
2025-06-20 02:36:37.802882,54567.03,56824.55,53755.64,56486.53,1320.46,2.174629499654027,3068.9100000000035,1411.233500000001
2025-06-20 03:36:37.802904,56560.94,57066.22,55873.06,56582.77,3105.61,0.8840579710144946,1193.1600000000035,1349.6400000000012
2025-06-20 04:36:37.802923,56593.95,57419.82,56539.19,57345.76,1988.41,0.661221995131479,880.6299999999974,1331.8220000000013
2025-06-20 05:36:37.802941,57327.39,57789.83,57216.03,57467.25,1728.47,0.4518519393488405,573.8000000000029,1269.8850000000014
2025-06-20 06:36:37.802960,57491.63,61661.0,56952.52,60948.2,3221.45,3.322230959711471,4708.480000000003,1417.2645000000016
2025-06-20 07:36:37.802978,60950.51,63965.22,60244.87,63758.22,1288.79,2.4189437492441477,3720.3499999999985,1538.0060000000017
2025-06-20 08:36:37.802997,63765.88,63817.97,63420.49,63514.01,4473.09,0.26105637590857295,397.4800000000032,1522.5830000000017
2025-06-20 09:36:37.803014,63483.32,64613.74,63107.27,64263.12,4950.6,0.9538405430509448,1506.4700000000012,1579.3730000000014
2025-06-20 10:36:37.803035,64364.27,65451.37,64234.77,65257.34,2754.46,0.7674714729415238,1216.6000000000058,1585.2055000000014
2025-06-20 11:36:37.803349,65327.73,67916.87,64874.6,66949.1,2107.31,1.786249739821934,3042.269999999997,1703.160500000001
2025-06-20 12:36:37.803438,66946.52,67752.12,65972.45,66158.46,3491.87,1.0640713657915333,1779.6699999999983,1672.510000000001
2025-06-20 13:36:37.803557,66117.07,67764.58,65241.4,67075.02,1718.73,1.412275170833644,2523.1800000000003,1786.606500000001
2025-06-20 14:36:37.803594,67101.57,68300.27,67017.21,67847.47,4417.54,0.7083397166497578,1283.0599999999977,1811.362500000001
2025-06-20 15:36:37.803613,67884.35,68230.58,64097.96,64498.24,2436.93,2.1032215379917556,4132.620000000003,1964.900000000001
2025-06-20 16:36:37.803631,64474.33,64613.81,63020.24,63353.8,4877.65,0.8141487576283173,1593.5699999999997,1957.3450000000012
2025-06-20 17:36:37.803647,63271.78,63622.27,60304.48,60363.78,4879.28,1.6377439463686316,3317.7899999999936,2025.829500000001
2025-06-20 18:36:37.803664,60433.85,60589.23,60064.79,60113.17,1679.03,0.2634198775422058,524.4400000000023,1990.8900000000008
2025-06-20 19:36:37.803680,60173.06,61330.25,59986.34,61006.77,3468.58,0.6875653109279826,1343.9100000000035,1954.592500000001
2025-06-20 20:36:37.803696,60976.65,63105.7,60809.94,62939.56,1146.69,1.1233845988226687,2295.7599999999948,2043.6100000000006
2025-06-20 21:36:37.803713,62919.32,63870.44,62105.99,63018.25,3341.42,0.8635169062266026,1764.4500000000044,2043.3300000000006
2025-06-20 22:36:37.803729,63149.12,66311.68,63006.78,66049.9,2079.0,1.6081225051754617,3304.899999999994,2055.1295
2025-06-20 23:36:37.803745,66097.96,66107.4,63711.99,63741.31,2808.8,1.132451984217407,2395.409999999996,2115.2419999999997
2025-06-21 00:36:37.803762,63744.62,64137.01,60001.7,60631.25,1166.29,1.8153439720172666,4135.310000000005,2277.976
2025-06-21 01:36:37.803779,60686.81,60838.87,60380.2,60552.62,2955.39,0.20185989953875738,458.67000000000553,2272.2195
2025-06-21 02:36:37.803795,60573.6,61207.68,60545.95,61078.85,2231.72,0.31969455263633534,661.7300000000032,2069.8820000000005
2025-06-21 03:36:37.803811,61116.27,62069.26,60945.76,61038.02,3690.41,0.5791119201438939,1123.5,1940.0395000000003
2025-06-21 04:36:37.803827,60973.72,61523.35,59456.81,59568.96,3770.5,1.0212738618996613,2066.540000000001,2023.4925000000003
2025-06-21 05:36:37.803870,59577.92,60107.06,58853.57,59511.14,4475.62,0.6233652693508958,1253.489999999998,2010.8435000000002
2025-06-21 06:36:37.803888,59532.86,59555.85,57976.53,58680.92,3758.11,0.7783814474222138,1579.3199999999997,2028.9795
2025-06-21 07:36:37.803904,58718.4,59697.67,58136.79,59345.91,1426.37,0.7984408489393361,1560.8799999999974,1954.9099999999999
2025-06-21 08:36:37.803920,59278.07,60630.69,59235.56,59749.34,4908.7,0.720743014222889,1395.1300000000047,1935.6830000000002
2025-06-21 09:36:37.803936,59768.54,60104.73,58462.3,58900.12,4514.06,0.8682546491929911,1642.4300000000003,1891.6455
2025-06-21 10:36:37.803951,58924.97,59121.4,57711.92,58112.9,4231.38,0.7426263846068952,1409.4800000000032,1897.9665000000005
2025-06-21 11:36:37.803968,58095.61,58873.0,56961.02,57075.29,3177.96,1.0699776628634137,1911.9800000000032,1786.9345000000005
2025-06-21 12:36:37.804068,57153.81,57204.21,56979.55,57036.45,2584.69,0.13073112484281027,224.65999999999622,1718.4890000000003
2025-06-21 13:36:37.804166,56979.91,58405.27,56641.34,58189.79,1909.08,1.0750452828992754,1763.9300000000003,1640.7960000000007
2025-06-21 14:36:37.804187,58064.49,58200.66,57321.59,57472.37,3477.96,0.5300304034753759,879.070000000007,1658.5275000000008
2025-06-21 15:36:37.804204,57528.8,58590.56,57209.5,58244.68,1102.57,0.8317709446905369,1381.0599999999977,1660.3850000000007
2025-06-21 16:36:37.804220,58225.76,58418.71,57705.69,57908.09,3320.69,0.45092230946695044,713.0199999999968,1581.2480000000007
2025-06-21 17:36:37.804236,57988.25,58581.17,56037.42,56561.15,4822.09,1.5700096221916497,2543.75,1620.2130000000004
2025-06-21 18:36:37.804252,56593.05,56626.57,56424.04,56425.33,3589.9,0.13823681680601405,202.52999999999884,1465.0945000000006
2025-06-21 19:36:37.804268,56431.21,56494.84,54640.89,55627.43,2406.49,1.2892366351963418,1853.949999999997,1438.0215000000007
2025-06-21 20:36:37.804284,55623.95,55742.37,55271.81,55334.39,2139.49,0.3750127511986164,470.56000000000495,1254.7840000000008
2025-06-21 21:36:37.804300,55344.34,55486.19,53330.87,53608.96,3864.6,1.6089082211214918,2155.3199999999997,1339.6165000000005
2025-06-21 22:36:37.804316,53683.59,56350.45,53630.2,56169.33,1724.6,1.8857330026671655,2720.25,1442.5425000000002
2025-06-21 23:36:37.804548,56175.24,56854.53,56082.19,56237.16,3269.25,0.5419988778825289,772.3399999999965,1424.9845
2025-06-22 00:36:37.804622,56162.13,56562.41,55055.02,55256.02,4223.97,1.0789984731862778,1507.3900000000067,1397.0270000000005
2025-06-22 01:36:37.804670,55262.94,56072.44,54844.69,55411.0,4276.76,0.8796409073323109,1227.75,1395.7400000000005
2025-06-22 02:36:37.804713,55387.21,55625.68,55101.91,55323.62,3443.92,0.39001089010303464,523.7699999999968,1342.9625000000003
2025-06-22 03:36:37.804809,55254.81,55687.8,55040.24,55192.69,4290.46,0.49916114010945417,647.560000000005,1297.2965000000008
2025-06-22 04:36:37.804826,55154.45,56538.57,55096.92,56136.61,3495.44,1.1092836573697369,1441.6500000000015,1299.6225000000006
2025-06-22 05:36:37.804846,56069.94,57579.72,55522.61,57112.28,1866.96,1.5579958897464432,2057.1100000000006,1320.3565000000006
2025-06-22 06:36:37.804862,57129.97,57135.84,56470.31,56629.66,3428.38,0.5186652628396002,665.5299999999988,1283.1590000000003
2025-06-22 07:36:37.804883,56598.09,57015.5,55934.22,56283.02,4951.14,0.8708594550363061,1081.2799999999988,1241.6240000000003
2025-06-22 08:36:37.805334,56205.92,56405.64,55936.72,56052.88,2712.8,0.3739880064155055,468.91999999999825,1253.8370000000002
2025-06-22 09:36:37.805354,56084.78,56318.5,53876.78,53944.48,1342.63,1.8961479786274498,2441.720000000001,1287.7265000000002
2025-06-22 10:36:37.805406,54032.33,54226.58,51627.46,51954.86,1906.63,1.8920180035509206,2599.1200000000026,1373.729
2025-06-22 11:36:37.805481,51956.63,53624.13,51557.43,53590.4,1934.85,1.4678152372389115,2066.699999999997,1408.011
2025-06-22 12:36:37.805525,53549.14,56695.46,53076.83,56056.84,3131.83,2.3296528694066745,3618.6299999999974,1553.2915
2025-06-22 13:36:37.805566,56125.65,56605.71,55487.58,55807.17,3231.13,0.7544683387870716,1118.1299999999974,1482.0104999999999
2025-06-22 14:36:37.805608,55739.66,56642.47,55686.05,56227.75,3249.19,0.6293458269861574,956.4199999999983,1519.705
2025-06-22 15:36:37.805648,56258.04,56909.88,55630.63,56674.6,1386.71,0.8579984842082671,1279.25,1490.97
2025-06-22 16:36:37.805685,56622.42,61613.05,56385.29,61097.14,3659.65,3.0238716357305244,5227.760000000002,1728.83
2025-06-22 17:36:37.805867,61030.41,63658.21,60017.28,62573.52,3159.83,2.019249513548948,3640.9300000000003,1803.1105
2025-06-22 18:36:37.805900,62553.72,63156.69,61673.57,62395.32,1356.5,0.8517539658200369,1483.1200000000026,1741.2540000000001
2025-06-22 19:36:37.805920,62403.66,63201.2,60512.86,61235.67,1144.64,1.4633973742742437,2688.3399999999965,1837.054
2025-06-22 20:36:37.805983,61226.34,61355.47,59071.84,59248.59,1350.57,1.21737373565063,2283.6300000000047,1875.866
2025-06-22 21:36:37.806003,59139.8,59967.82,58609.03,59496.66,3402.38,0.721832239173234,1358.7900000000009,1882.4180000000001
2025-06-22 22:36:37.806021,59526.88,60172.25,58699.64,59048.48,4968.63,0.7630657146114228,1472.6100000000006,1929.8600000000001
2025-06-22 23:36:37.806040,59053.32,59451.81,57132.94,58052.13,4472.23,1.151703899647638,2318.8699999999953,2013.4254999999998
2025-06-23 00:36:37.806057,58046.39,58827.09,57376.53,57677.61,1323.68,0.7202844670785755,1450.5599999999977,2013.8709999999996
2025-06-23 01:36:37.806075,57708.56,57907.32,55723.93,56284.22,3563.89,1.0807871556317863,2183.3899999999994,2020.1849999999995
2025-06-23 02:36:37.806198,56233.65,57990.67,55349.98,57854.82,4691.03,1.2462298419542177,2640.689999999995,2118.9429999999993
2025-06-23 03:36:37.806266,57935.25,59028.91,57589.14,58908.5,2594.65,0.6737759828346889,1439.770000000004,2136.8674999999994
2025-06-23 04:36:37.806285,58941.36,59060.23,58898.63,58920.68,1103.25,0.0761724655862868,161.60000000000582,2121.5015
2025-06-23 05:36:37.806302,58924.02,60548.86,58791.53,60252.99,2247.26,0.8419226534795019,1757.3300000000017,2087.282
2025-06-23 06:36:37.806319,60284.91,60681.93,60208.51,60364.15,3563.31,0.23898067488239422,473.41999999999825,1980.9969999999998
2025-06-23 07:36:37.806336,60456.55,60517.22,59060.61,59085.09,4123.05,0.746790874612438,1456.6100000000006,1950.4924999999998
2025-06-23 08:36:37.806352,59157.1,60461.58,58495.4,60422.89,1231.12,1.0526321424938567,1966.1800000000003,1867.8700000000001
2025-06-23 09:36:37.806370,60385.83,61464.14,60328.35,60825.44,3037.69,0.6077796263069548,1135.7900000000009,1868.7530000000002
2025-06-23 10:36:37.806387,60807.04,61824.68,59086.86,59856.02,2225.01,1.39840016181238,2737.8199999999997,1957.8230000000003
2025-06-23 11:36:37.806404,59703.15,59841.08,58964.35,59732.16,2799.14,0.45245980150663545,876.7300000000032,1937.6970000000006
2025-06-23 12:36:37.806423,59787.97,59925.37,58108.78,58263.5,4310.15,1.027983941270027,1816.5900000000038,1767.1385000000005
2025-06-23 13:36:37.806441,58229.91,58247.75,55940.57,56182.03,4041.16,1.356804753562437,2307.1800000000003,1700.4510000000005
2025-06-23 14:36:37.806583,56036.46,57547.82,55971.84,57387.08,1048.48,0.9242774885138313,1575.9800000000032,1705.0940000000005
2025-06-23 15:36:37.806602,57386.2,60467.07,57145.38,60418.85,2817.51,1.91257694277539,3321.6900000000023,1736.761500000001
2025-06-23 16:36:37.806620,60453.85,60560.26,57713.63,58243.34,1600.19,1.6129024033216415,2846.6300000000047,1764.9115000000008
2025-06-23 17:36:37.806638,58233.27,58908.43,58035.94,58720.4,2837.79,0.501259194764552,872.489999999998,1740.5965000000008
2025-06-23 18:36:37.806657,58820.91,59726.3,56713.88,57683.46,4147.61,1.6573732096455378,3012.4200000000055,1817.587000000001
2025-06-23 19:36:37.806674,57648.53,57772.48,56716.89,57126.15,1153.71,0.6016735986703338,1055.5900000000038,1754.4230000000014
2025-06-23 20:36:37.806694,57230.46,57742.38,55561.0,56267.86,3637.42,1.2179920981102892,2181.3799999999974,1790.9640000000013
2025-06-23 21:36:37.806714,56341.11,56413.19,54376.11,54936.77,1600.68,1.1420860107807116,2037.0800000000017,1783.6485000000016
2025-06-23 22:36:37.806732,55022.55,55477.9,54401.47,55006.17,1166.69,0.6311760251267193,1076.4300000000003,1705.4355000000019
2025-06-23 23:36:37.806751,54986.08,55002.11,54471.69,54474.42,4826.01,0.3195362802174486,530.4199999999983,1659.9680000000014
2025-06-24 00:36:37.806769,54484.48,55025.45,54223.59,54714.67,2398.81,0.4739178513233896,801.8600000000006,1691.9810000000011
2025-06-24 01:36:37.806788,54657.39,54851.06,54566.18,54689.66,3641.21,0.1760302182736379,284.8799999999974,1618.358500000001
2025-06-24 02:36:37.806807,54719.01,54965.9,54351.71,54371.22,1328.69,0.3778707601896656,614.1900000000023,1625.3970000000013
2025-06-24 03:36:37.806826,54425.38,55122.15,52628.24,53054.27,1822.75,1.4868935205114058,2493.9100000000035,1677.2620000000013
2025-06-24 04:36:37.806844,53014.12,53168.76,52574.65,52769.43,3575.62,0.3693201509207828,594.1100000000006,1608.6585000000014
2025-06-24 05:36:37.806864,52735.47,54256.89,52332.38,53600.58,3329.69,1.1677182346036592,1924.510000000002,1648.0945000000015
2025-06-24 06:36:37.806883,53650.31,54841.71,53065.9,54119.04,1512.38,1.109885412070293,1775.8099999999977,1599.9940000000013
2025-06-24 07:36:37.806902,54062.5,54268.55,53093.71,53381.14,4772.3,0.7275003800546119,1174.8400000000038,1614.8995000000014
2025-06-24 08:36:37.806920,53276.17,53517.96,53202.66,53472.73,4547.7,0.20476219854724398,315.29999999999563,1539.835000000001
2025-06-24 09:36:37.806939,53518.74,54848.16,52854.02,54171.78,4675.71,1.3083337105846247,1994.1400000000067,1524.1830000000014
2025-06-24 10:36:37.806956,54140.19,54432.83,51409.87,51588.37,4367.99,1.8934540616786868,3022.959999999999,1596.532000000001
2025-06-24 11:36:37.806974,51622.56,52222.89,51168.4,52075.04,4938.68,0.7109694627460587,1054.489999999998,1483.172000000001
2025-06-24 12:36:37.806993,52136.15,52180.66,51227.48,51397.41,1526.92,0.6864820621109333,953.1800000000003,1388.4995000000006
2025-06-24 13:36:37.807011,51370.24,52558.09,50655.81,52128.22,3931.21,1.321037869039276,1902.2799999999988,1439.9890000000007
2025-06-24 14:36:37.807029,52158.78,52541.93,51136.64,51466.58,2190.19,1.0335807653906481,1405.2900000000009,1359.6325000000004
2025-06-24 15:36:37.807047,51505.35,51923.61,48257.27,48757.58,1640.29,2.4603501613909837,3666.340000000004,1490.1700000000005
2025-06-24 16:36:37.807066,48776.17,48781.15,46328.69,46460.55,3905.85,1.6309242919578315,2452.459999999999,1503.7240000000006
2025-06-24 17:36:37.807084,46450.84,47289.42,46253.88,46517.08,3220.34,0.7123737743757601,1035.5400000000009,1453.6470000000004
2025-06-24 18:36:37.807103,46477.51,47249.19,46334.61,46781.04,2421.54,0.6326845511532089,914.5800000000017,1445.5545000000006
2025-06-24 19:36:37.807121,46774.77,47371.34,46098.89,46126.57,3982.94,0.8582233505276995,1272.449999999997,1482.6560000000004
2025-06-24 20:36:37.807138,46127.25,46894.4,46018.72,46611.81,2307.73,0.58914910179117,875.6800000000003,1486.3470000000004
2025-06-24 21:36:37.807156,46645.48,46885.98,45714.44,45803.34,2794.44,0.7653722528549405,1171.5400000000009,1530.6800000000007
2025-06-24 22:36:37.807174,45786.27,46440.92,45320.84,45758.94,2566.1,0.7198575555062124,1120.0800000000017,1555.9745000000007
2025-06-24 23:36:37.807191,45689.13,46054.74,44627.63,44670.44,3352.81,0.9497386090895691,1427.1100000000006,1502.6345000000006
2025-06-25 00:36:37.807209,44726.84,45048.28,44339.07,44371.52,3319.94,0.4701769668908454,709.2099999999991,1508.3895000000005
2025-06-25 01:36:37.807226,44462.99,44850.73,43964.98,44426.39,2079.28,0.6081561933232928,885.75,1456.4515000000004
2025-06-25 02:36:37.807243,44480.07,44877.04,43310.53,43371.92,1234.2,1.0833503632295334,1566.510000000002,1445.9865000000004
2025-06-25 03:36:37.807263,43402.13,43698.83,42952.26,43146.87,2760.8,0.5240658077894215,746.5699999999997,1424.5730000000003
2025-06-25 04:36:37.807281,43188.09,43804.15,43087.94,43728.42,1354.4,0.4957779510645883,716.2099999999991,1444.6185000000005
2025-06-25 05:36:37.807296,43794.6,44085.56,42979.11,43251.06,3570.26,0.7901893540651043,1106.449999999997,1400.234
2025-06-25 06:36:37.807314,43278.34,44649.97,42903.74,44346.64,1473.34,1.3066696099027444,1746.2300000000032,1336.3975000000003
2025-06-25 07:36:37.807333,44330.13,44582.21,43366.2,43625.28,1737.91,0.9044507013340178,1216.010000000002,1344.4735000000005
2025-06-25 08:36:37.807354,43672.78,44328.77,43661.83,44188.92,1096.77,0.5013977626025072,666.939999999995,1330.1615000000002
2025-06-25 09:36:37.807374,44195.15,46069.46,43404.44,45818.36,2037.19,1.9476890459208986,2665.019999999997,1368.2985
2025-06-25 10:36:37.807443,45737.33,46140.64,43781.48,44170.56,1744.41,1.666082859225191,2359.159999999996,1415.9919999999997
2025-06-25 11:36:37.807497,44118.89,44221.63,43265.95,43328.0,3911.76,0.7463573609151098,955.6800000000003,1280.4589999999996
2025-06-25 12:36:37.807538,43203.55,44008.74,42827.59,43783.6,4062.05,0.970627257027835,1181.1500000000015,1216.8934999999997
2025-06-25 13:36:37.807585,43739.89,43924.66,43442.6,43604.15,4826.46,0.4053583043332244,482.06000000000495,1189.2195
2025-06-25 14:36:37.807627,43617.31,44002.75,43568.17,43992.82,2046.82,0.37295977281533804,434.58000000000175,1165.2195
2025-06-25 15:36:37.807666,43982.85,44068.5,43225.17,43464.34,2798.96,0.7373290020183382,843.3300000000017,1143.7635000000002
2025-06-25 16:36:37.807706,43480.31,43577.87,43126.67,43530.46,1134.45,0.4019457667191259,451.20000000000437,1122.5395000000003
2025-06-25 17:36:37.807743,43424.93,43483.45,43219.57,43371.17,1087.29,0.24497832951850293,263.8799999999974,1077.1565000000003
2025-06-25 18:36:37.807781,43409.52,44855.24,43042.59,44224.19,4747.29,1.6303961647260945,1812.6500000000015,1111.7850000000003
2025-06-25 19:36:37.807834,44155.09,44516.04,44000.19,44400.68,2026.12,0.48381106373719396,515.8499999999985,1066.2220000000002
2025-06-25 20:36:37.807855,44377.19,44712.06,44014.22,44584.87,2855.73,0.6548470023323685,697.8399999999965,1065.6535
2025-06-25 21:36:37.807872,44512.86,44617.71,44067.37,44206.36,1901.27,0.5246915051535744,550.3399999999965,1048.8829999999998
2025-06-25 22:36:37.807890,44257.84,44532.26,43539.57,43720.62,3093.56,0.9730423292870387,992.6900000000023,1020.1919999999998
2025-06-25 23:36:37.807906,43739.37,43753.07,43403.6,43546.88,3174.15,0.34935226828558896,349.47000000000116,1000.3369999999999
2025-06-26 00:36:37.807922,43577.06,44000.01,43488.32,43916.11,1663.1,0.5168006415442332,511.6900000000023,990.1110000000001
2025-06-26 01:36:37.807938,43935.28,44336.62,43311.69,43669.16,3603.89,1.0394458614552222,1024.9300000000003,986.0350000000002
2025-06-26 02:36:37.807954,43708.63,44015.76,43418.48,43980.51,4225.61,0.6432134828435649,597.2799999999988,928.5875
2025-06-26 03:36:37.808013,43952.1,45314.91,43788.35,45233.23,4027.01,1.616921667381627,1526.560000000005,944.1150000000001
2025-06-26 04:36:37.808032,45197.08,46311.51,44693.55,46193.99,4518.33,1.6315573993663173,1617.9599999999991,991.6660000000004
2025-06-26 05:36:37.808049,46180.51,47025.91,45286.94,45949.54,1108.67,1.8394723299556204,1738.9700000000012,945.3635000000006
2025-06-26 06:36:37.808067,45877.71,47645.29,45706.7,47558.03,3154.81,2.097280747780839,1938.5900000000038,924.335000000001
2025-06-26 07:36:37.808085,47572.24,48025.21,47124.18,47333.79,4102.45,0.9776774694079041,901.0299999999988,921.6025000000009
2025-06-26 08:36:37.808163,47298.2,47487.9,45246.84,45734.05,2148.55,2.2994711665732974,2241.060000000005,974.5980000000011
2025-06-26 09:36:37.808189,45819.72,46431.9,44886.79,45190.59,4660.36,1.5033901710580528,1545.1100000000006,1027.7505000000008
2025-06-26 10:36:37.808213,45239.4,45326.21,42421.12,42803.55,4173.05,2.5233653789360635,2905.0899999999965,1151.2760000000005
2025-06-26 11:36:37.808232,42789.23,42857.26,42079.62,42409.77,3617.17,0.6773917751133166,777.6399999999994,1147.9915000000005
2025-06-26 12:36:37.808250,42392.65,42542.91,42251.72,42442.05,1333.86,0.25543184112857226,291.1900000000023,1139.9910000000004
2025-06-26 13:36:37.808269,42443.08,44931.89,42089.41,44113.14,4936.44,2.240076411376276,2842.479999999996,1268.9210000000003
2025-06-26 14:36:37.808288,44175.44,44946.75,44062.34,44514.22,4527.71,0.7234384368540462,884.4100000000035,1222.5090000000005
2025-06-26 15:36:37.808306,44567.07,44905.51,43910.82,44329.66,1317.63,0.7980177319445385,994.6900000000023,1246.4510000000005
2025-06-26 16:36:37.808325,44444.45,45245.26,43815.54,45107.92,4276.25,1.1143178922017547,1429.7200000000012,1283.0450000000008
2025-06-26 17:36:37.808343,45062.52,45319.52,43201.32,43649.49,2837.06,1.555854912232504,2118.199999999997,1361.4380000000008
2025-06-26 18:36:37.808362,43699.25,43988.51,43370.15,43792.14,2340.83,0.46052736922734927,618.3600000000006,1342.7215000000008
2025-06-26 19:36:37.808381,43828.95,44783.18,43764.48,44756.13,1567.89,0.7402358552605263,1018.6999999999971,1376.1830000000004
2025-06-26 20:36:37.808401,44780.6,44960.58,42624.41,42923.68,3604.59,1.5920395636657025,2336.1699999999983,1467.4070000000004
2025-06-26 21:36:37.808420,42966.53,44352.74,42350.77,44056.34,3536.57,1.3203351142515893,2001.9700000000012,1516.2590000000005
2025-06-26 22:36:37.808439,44037.33,44475.4,43966.04,44327.14,3745.31,0.336908833670776,509.3600000000006,1511.8630000000005
2025-06-26 23:36:37.808458,44339.69,44378.79,43891.02,44035.07,2117.1,0.33410654736361456,487.7700000000041,1459.9235000000003
2025-06-27 00:36:37.808558,44023.67,45197.09,43685.1,44738.66,2221.24,1.0394362808283906,1511.989999999998,1454.6250000000005
2025-06-27 01:36:37.808611,44761.65,47877.46,44515.79,47597.85,4153.79,2.1889292597801724,3361.6699999999983,1535.7600000000002
2025-06-27 02:36:37.808656,47606.4,48050.6,46941.5,47859.83,3682.93,0.7422276398988001,1109.0999999999985,1494.2855
2025-06-27 03:36:37.808764,47853.48,48479.77,47301.37,48185.78,3186.59,0.7813525674433741,1178.3999999999942,1508.1539999999998
2025-06-27 04:36:37.808784,48138.82,48594.74,47650.44,47702.12,2690.19,0.6542572797640961,944.2999999999956,1443.3159999999993
2025-06-27 05:36:37.808801,47717.96,47762.27,47114.28,47250.09,2168.87,0.4633596956652306,647.989999999998,1398.4599999999991
2025-06-27 06:36:37.808818,47259.1,48481.29,46521.67,47790.54,1072.03,1.4502957215750776,1959.6200000000026,1351.1864999999993
2025-06-27 07:36:37.808835,47745.83,48557.6,46392.04,46667.58,4491.02,1.5244169205237983,2165.5599999999977,1420.5824999999993
2025-06-27 08:36:37.808851,46718.26,46919.16,46597.73,46762.3,1386.14,0.22602576692336582,321.4300000000003,1422.0944999999992
2025-06-27 09:36:37.808880,46761.39,46858.71,46362.28,46555.58,2188.95,0.38046677171533894,496.4300000000003,1304.7919999999995
2025-06-27 10:36:37.808896,46541.46,47123.87,46523.36,46844.37,4611.58,0.46529629311086446,600.510000000002,1290.5969999999993
2025-06-27 11:36:37.808912,46888.89,48013.77,46725.82,47228.65,1315.88,0.9867382743667913,1287.949999999997,1305.259999999999
2025-06-27 12:36:37.808929,47309.44,48005.79,47298.03,47744.24,3331.23,0.5576593059042128,707.760000000002,1269.1619999999991
2025-06-27 13:36:37.808946,47747.59,47810.12,46626.29,47443.15,3395.91,0.9684128550726494,1183.8300000000017,1222.4434999999994
2025-06-27 14:36:37.809037,47498.27,47519.52,46989.22,47195.07,3676.8,0.43537140185404016,530.2999999999956,1218.0404999999992
2025-06-27 15:36:37.809167,47204.02,47639.0,45752.36,46114.18,2267.79,1.4956270128325821,1886.6399999999994,1261.4374999999993
2025-06-27 16:36:37.809215,46160.35,46542.12,45364.87,45661.82,4570.09,0.9781955252696015,1177.25,1203.4914999999994
2025-06-27 17:36:37.809262,45735.44,46221.66,45389.96,45930.73,1949.73,0.7263895026804049,831.7000000000044,1144.9779999999996
2025-06-27 18:36:37.809354,45991.12,46852.99,45769.81,46793.0,2950.67,0.9229007497002996,1083.1800000000003,1173.6689999999994
2025-06-27 19:36:37.809415,46798.76,47297.65,45836.66,46176.32,3536.42,1.1952500552224021,1460.989999999998,1222.3299999999992
2025-06-27 20:36:37.809466,46201.79,46905.2,46135.21,46858.4,2889.97,0.6496544974393144,769.989999999998,1185.229999999999
2025-06-27 21:36:37.809513,46838.28,48628.29,46781.35,48461.36,2928.16,1.6646695091048334,1846.9400000000023,1109.4934999999994
2025-06-27 22:36:37.809559,48427.81,49131.45,48340.7,48941.91,1827.97,0.7230864612976147,790.75,1093.5759999999996
2025-06-27 23:36:37.809600,48926.77,51955.47,48559.7,51440.46,3050.67,2.8193661061178026,3395.770000000004,1204.4445
2025-06-28 00:36:37.809646,51401.77,51786.33,50375.85,50539.7,1348.37,1.1488299565018572,1410.4800000000032,1227.7535000000003
2025-06-28 01:36:37.809684,50523.58,50876.97,48607.1,49215.96,2974.19,1.734250934505358,2269.8700000000026,1308.8475000000005
2025-06-28 02:36:37.809722,49176.78,49909.67,48099.07,48196.14,2098.93,1.391274680698771,1810.5999999999985,1301.3965000000003
2025-06-28 03:36:37.809740,48109.23,49910.73,47759.74,49466.49,3431.62,1.653757915163596,2150.9900000000052,1300.6680000000008
2025-06-28 04:36:37.809756,49388.13,50322.09,48993.01,49981.27,4284.79,0.9837382096376072,1329.0799999999945,1351.0505000000005
2025-06-28 05:36:37.809772,49957.13,49993.36,49949.28,49959.38,3415.18,0.033181951968975276,44.080000000001746,1328.4330000000004
2025-06-28 06:36:37.809788,49966.71,50481.86,49661.14,50390.72,2824.95,0.6127320786580404,820.7200000000012,1339.4435000000005
2025-06-28 07:36:37.809804,50380.08,50730.3,49363.87,49396.97,1320.72,1.017167677497036,1366.4300000000003,1343.3675000000007
2025-06-28 08:36:37.809820,49348.21,53248.25,49015.25,52779.26,3714.68,2.7855473982309493,4233.0,1519.6295000000005
2025-06-28 09:36:37.809876,52774.05,53271.14,52317.85,52953.4,3450.29,0.6321122072272943,953.2900000000009,1508.1025000000004
2025-06-28 10:36:37.809897,52954.4,53860.5,52831.62,53123.16,4609.81,0.6711408082612764,1028.8799999999974,1533.0315000000005
2025-06-28 11:36:37.809944,53062.4,53918.37,52974.04,53915.92,2180.16,0.6355204466470523,944.3300000000017,1485.9160000000006
2025-06-28 12:36:37.809962,53921.77,54862.75,53893.85,54494.23,1492.01,0.6566594273054164,968.9000000000015,1475.4985000000008
2025-06-28 13:36:37.810008,54563.2,55220.76,53960.94,54756.18,3769.97,0.8416168165704621,1259.8199999999997,1496.9045000000006
2025-06-28 14:36:37.810025,54708.75,55089.43,54018.22,54174.0,2225.25,0.7159030305298507,1071.2099999999991,1496.3060000000005
2025-06-28 15:36:37.810042,54249.43,55606.84,53426.61,54817.73,4666.54,1.422877721129721,2180.229999999996,1532.2680000000005
2025-06-28 16:36:37.810059,54804.02,56637.28,54458.54,56448.06,2484.69,1.3594138162001674,2178.739999999998,1602.7055000000005
2025-06-28 17:36:37.810075,56506.34,57552.15,56378.03,57264.13,2722.12,0.7482930115364934,1174.1200000000026,1569.0645000000004
2025-06-28 18:36:37.810091,57328.65,59656.12,57219.02,59373.98,1617.84,1.4757942135738458,2437.100000000006,1651.3820000000007
2025-06-28 19:36:37.810109,59451.78,59513.35,58970.24,58983.2,2638.52,0.3599737265774495,543.1100000000006,1508.7490000000005
2025-06-28 20:36:37.810125,59065.52,59400.61,57021.75,57321.53,2458.37,1.5276835896961665,2378.8600000000006,1557.1680000000003
2025-06-28 21:36:37.810141,57320.02,57589.92,57075.9,57131.01,2942.36,0.34982208428002015,514.0199999999968,1469.3755
2025-06-28 22:36:37.810158,57147.02,57333.57,56968.51,57239.97,2536.83,0.2612986843805198,365.0599999999977,1397.0985
2025-06-28 23:36:37.810218,57234.91,58379.91,57230.35,58348.65,4024.85,0.853405314073144,1149.560000000005,1347.027
2025-06-29 00:36:37.810235,58327.06,58507.03,56789.37,57349.42,1464.56,1.257018154993645,1717.6599999999962,1366.4560000000001
2025-06-29 01:36:37.810251,57389.39,60627.16,56356.05,59873.51,4936.05,2.7069905549314477,4271.110000000001,1577.8075000000001
2025-06-29 02:36:37.810291,59853.53,60310.82,59531.44,59716.75,2542.05,0.49461189834239677,779.3799999999974,1575.7404999999999
2025-06-29 03:36:37.810309,59645.46,59945.98,58693.57,58987.58,4047.61,0.7976933064422923,1252.4100000000035,1570.0395
2025-06-29 04:36:37.810337,58996.01,59464.81,56936.28,57258.09,2037.34,1.7029248068447531,2528.529999999999,1484.816
2025-06-29 05:36:37.810355,57248.46,57342.87,54373.77,54711.39,3230.84,1.8725326870191346,2969.100000000006,1585.6065000000003
2025-06-29 06:36:37.810371,54685.56,55732.55,54616.21,55443.35,2776.17,0.7021096812883457,1116.3400000000038,1589.9795000000006
2025-06-29 07:36:37.810490,55303.06,56313.93,54610.17,55531.68,3493.62,1.0465671264061398,1703.760000000002,1627.9510000000005
2025-06-29 08:36:37.810508,55515.79,55964.16,53466.68,53612.11,2580.55,1.4653305014140052,2497.480000000003,1704.3800000000006
2025-06-29 09:36:37.810524,53753.88,53793.89,52323.72,52493.09,4637.82,0.8572932201487248,1470.1699999999983,1714.8975000000005
2025-06-29 10:36:37.810540,52414.19,52853.2,51555.9,52271.93,1522.61,0.7515342932055433,1297.2999999999956,1726.2020000000005
2025-06-29 11:36:37.810556,52286.0,54389.76,51461.33,54130.47,4776.17,1.6604729384921397,2928.4300000000003,1763.6120000000005
2025-06-29 12:36:37.810571,54111.9,54249.74,53449.47,53741.73,2933.63,0.47222247628398756,800.2699999999968,1694.6885000000007
2025-06-29 13:36:37.810587,53646.45,53926.01,51625.13,51823.93,4047.19,1.3140178061268655,2300.8800000000047,1751.0265000000006
2025-06-29 14:36:37.810604,51889.32,52149.25,51314.88,51565.17,3309.12,0.4993566302988242,834.3700000000026,1670.8900000000006
2025-06-29 15:36:37.810620,51562.34,52340.03,50692.23,51410.72,3294.12,0.95462407259731,1647.7999999999956,1726.1245000000004
2025-06-29 16:36:37.810637,51425.4,51624.2,48223.73,48332.08,4415.85,1.9133808423901542,3400.469999999994,1777.205
2025-06-29 17:36:37.810653,48360.77,48696.34,47770.01,48266.13,1076.46,0.5152516616647739,926.3299999999945,1797.8204999999998
2025-06-29 18:36:37.810669,48124.21,48508.25,47732.45,48135.46,3770.13,0.4266487750621112,775.8000000000029,1818.3575
2025-06-29 19:36:37.810685,48088.69,49032.03,48018.6,48829.77,1842.82,0.5594267012079706,1013.4300000000003,1811.551
2025-06-29 20:36:37.810702,48762.41,51338.1,47694.71,51328.61,3707.29,1.9096961874373468,3643.3899999999994,1907.8375
2025-06-29 21:36:37.810717,51365.83,53489.4,51228.14,52775.68,4013.71,1.251150167787557,2261.260000000002,1807.345
2025-06-29 22:36:37.810733,52802.92,53393.61,51760.98,52448.17,4383.69,0.8824991250035458,1632.6299999999974,1850.0075000000002
2025-06-29 23:36:37.810748,52446.78,52503.05,50768.98,51064.35,2628.43,0.9252861588060982,1734.0699999999997,1874.0904999999998
2025-06-30 00:36:37.810841,51019.32,53406.09,50996.56,53334.58,4232.94,1.2898012756535169,2409.529999999999,1868.1405
2025-06-30 01:36:37.810886,53233.59,53478.41,52699.14,53396.35,4178.06,0.443107180568723,779.2700000000041,1758.649
2025-06-30 02:36:37.810903,53407.74,53470.29,53345.26,53427.24,2611.49,0.07315616820360087,125.02999999999884,1709.0834999999995
2025-06-30 03:36:37.810975,53386.15,53759.52,52975.73,53404.64,2620.41,0.4712867953231458,783.7899999999936,1663.0849999999991
2025-06-30 04:36:37.811010,53354.45,54047.75,52846.22,53704.8,1904.12,0.7517608690551604,1201.5299999999988,1598.287499999999
2025-06-30 05:36:37.811029,53708.02,53992.67,52981.05,53496.41,1491.68,0.6421516351817973,1011.6199999999953,1575.3599999999988
2025-06-30 06:36:37.811046,53511.25,54020.68,52431.12,52886.13,3343.46,0.9997402471614291,1589.5599999999977,1589.9729999999988
2025-06-30 07:36:37.811062,52897.22,53077.47,51784.99,52316.92,4290.14,0.8569824930851908,1292.4800000000032,1508.175499999999
2025-06-30 08:36:37.811078,52291.2,52807.1,51796.45,52282.17,1571.5,0.6654728781858379,1010.6500000000015,1518.6944999999992
2025-06-30 09:36:37.811095,52280.83,52532.98,51519.51,51638.22,3518.23,0.6968667229585717,1013.4700000000012,1454.3239999999992
2025-06-30 10:36:37.811111,51546.87,51687.46,50702.82,50762.46,1000.54,0.6735632380480048,984.6399999999994,1461.837499999999
2025-06-30 11:36:37.811127,50745.82,51438.29,50743.42,50911.22,1987.3,0.4913551281262594,694.8700000000026,1414.1909999999993
2025-06-30 12:36:37.811144,50919.12,51187.05,50472.55,50558.87,2440.94,0.5582500092781232,714.5,1279.8924999999995
2025-06-30 13:36:37.811160,50534.79,52152.17,50183.6,51841.52,2735.27,1.4779004124986064,1968.5699999999997,1332.0044999999998
2025-06-30 14:36:37.811177,51886.85,52248.62,48518.73,49443.08,1357.16,2.520691568409735,3729.8899999999994,1479.7089999999996
2025-06-30 15:36:37.811193,49322.5,50568.46,48792.21,50091.77,1017.45,1.170240801133182,1776.25,1517.8499999999997
2025-06-30 16:36:37.811209,50085.05,51657.06,49887.15,51445.31,4864.19,1.2427607262023772,1769.9099999999962,1424.1759999999995
2025-06-30 17:36:37.811225,51449.87,51694.69,50222.82,50309.37,4127.3,1.062947274386307,1471.8700000000026,1384.7064999999996
2025-06-30 18:36:37.811242,50319.29,50354.39,49721.19,49983.41,4827.2,0.47440128564846007,633.1999999999971,1334.7349999999994
2025-06-30 19:36:37.811258,49911.24,50035.17,49384.2,49602.96,2479.25,0.5083399709506641,650.9700000000012,1280.5799999999995
2025-06-30 20:36:37.811274,49489.06,49622.27,48438.82,48511.1,4288.72,0.9706169890984467,1183.449999999997,1219.2759999999994
2025-06-30 21:36:37.811290,48541.28,48958.42,46916.56,47693.94,1862.96,1.592210888053741,2041.8600000000006,1282.4054999999994
2025-06-30 22:36:37.811305,47639.62,48064.15,46931.38,47137.65,1546.4,0.8499222497125429,1132.770000000004,1332.7924999999996
2025-06-30 23:36:37.811321,47096.66,48475.25,46824.28,48030.74,3852.83,1.199700759691067,1650.9700000000012,1376.1515
2025-07-01 00:36:37.811337,48084.8,49507.95,47993.38,49224.81,2471.14,1.0882067763157657,1514.5699999999997,1391.8035
2025-07-01 01:36:37.811352,49226.82,50356.58,49071.39,50306.8,1058.77,0.9144122799153613,1285.1900000000023,1405.4820000000004
2025-07-01 02:36:37.811368,50256.38,50929.46,50247.08,50767.14,1497.47,0.5017046252434502,682.3799999999974,1360.1230000000003
2025-07-01 03:36:37.811384,50637.06,50909.26,49295.0,49600.1,1039.7,1.1729733500361876,1614.260000000002,1376.2120000000002
2025-07-01 04:36:37.811400,49590.63,50129.68,48653.39,48943.77,3710.17,1.0548741187886483,1476.2900000000009,1399.4940000000001
2025-07-01 05:36:37.811416,48978.79,49504.11,48579.51,49290.86,1502.2,0.6627717061138636,924.5999999999985,1395.0505
2025-07-01 06:36:37.811432,49326.26,49436.47,47826.46,47941.97,1480.83,1.1287867580814683,1610.010000000002,1426.3190000000002
2025-07-01 07:36:37.811448,47946.85,48470.27,47813.88,48345.76,1005.41,0.46082020787773015,656.3899999999994,1424.395
2025-07-01 08:36:37.811510,48420.65,48670.12,47845.03,48220.98,4388.24,0.5770164788420673,825.0900000000038,1429.9245000000003
2025-07-01 09:36:37.811527,48229.33,48344.84,47783.53,47851.32,2592.02,0.4128610585104076,561.3099999999977,1359.5615000000003
2025-07-01 10:36:37.811544,47862.99,48588.72,47771.13,48562.28,1986.41,0.6734975552876535,817.5900000000038,1213.9465000000005
2025-07-01 11:36:37.811560,48553.74,49089.03,48003.07,49055.77,4770.9,0.9207482923983739,1085.9599999999991,1179.4320000000002
2025-07-01 12:36:37.811576,49137.28,49977.71,48162.43,48624.04,4851.07,1.5361591198446631,1815.2799999999988,1181.7005000000004
2025-07-01 13:36:37.811592,48562.76,50331.16,48533.3,50290.18,3489.65,1.5007178631051752,1797.8600000000006,1198.0000000000005
2025-07-01 14:36:37.811679,50259.18,50747.27,49063.13,49187.16,4244.5,1.3467226741577876,1684.1399999999994,1250.5470000000005
2025-07-01 15:36:37.811695,49264.91,49872.27,49019.6,49687.57,4669.94,0.6763829571199192,852.6699999999983,1260.6320000000003
2025-07-01 16:36:37.811712,49637.13,50646.28,49270.08,50452.48,3830.89,1.0833921463122564,1376.199999999997,1270.2695000000003
2025-07-01 17:36:37.811729,50410.34,50435.66,50032.42,50213.01,3118.64,0.33933092296513584,403.24000000000524,1188.3385000000005
2025-07-01 18:36:37.811745,50317.93,50701.47,50073.72,50521.59,1304.96,0.5397272346233623,627.75,1163.0875000000003
2025-07-01 19:36:37.811761,50512.48,50718.24,49628.18,49791.12,1175.6,0.9603697484322145,1090.0599999999977,1135.0420000000001
2025-07-01 20:36:37.811776,49859.48,50399.86,49800.89,50275.07,1199.92,0.5498860696508288,598.9700000000012,1089.2620000000002
2025-07-01 21:36:37.811818,50253.49,51155.53,49818.51,50003.43,4805.72,1.2245415708242882,1337.0199999999968,1091.8535
2025-07-01 22:36:37.811836,50032.86,50787.51,48264.75,49305.07,3278.16,2.1309389313460714,2522.760000000002,1183.8725000000002
2025-07-01 23:36:37.811853,49404.88,50569.89,49167.48,50542.02,4924.71,1.1952901268239433,1402.4099999999962,1173.28
2025-07-02 00:36:37.811869,50473.12,50716.12,49616.05,49894.39,4774.81,0.9528796355727177,1100.0699999999997,1154.4689999999998
2025-07-02 01:36:37.811888,49915.64,50660.06,48788.46,48947.38,2907.6,1.5573060502455016,1871.5999999999985,1201.819
2025-07-02 02:36:37.811904,48948.32,49134.08,47464.99,47946.12,3666.4,1.3853979131338467,1669.0900000000038,1204.773
2025-07-02 03:36:37.811920,48017.28,48515.82,48014.01,48380.94,1036.15,0.4192076481733317,501.8099999999977,1197.0439999999999
2025-07-02 04:36:37.811936,48398.15,48803.62,46979.46,47079.57,3537.45,1.4628417458735912,1824.1600000000035,1246.9975
2025-07-02 05:36:37.811952,47121.11,49329.97,47089.03,49084.84,2714.81,1.6836779543478915,2240.9400000000023,1330.979
2025-07-02 06:36:37.811968,49062.65,49134.98,46612.04,46711.68,1474.01,1.7814271738712169,2522.9400000000023,1416.2465
2025-07-02 07:36:37.811984,46746.44,48322.37,46729.41,47945.72,4044.03,1.1049971333864912,1592.9599999999991,1441.5965
2025-07-02 08:36:37.812000,47937.03,48423.12,47580.79,48237.76,4673.71,0.6047098637494996,842.3300000000017,1392.949
2025-07-02 09:36:37.812016,48147.72,48926.98,47871.28,48119.65,3256.3,0.778631122675892,1055.7000000000044,1355.8410000000003
2025-07-02 10:36:37.812032,48168.13,48459.53,47457.19,47563.87,1766.37,0.7583425319897593,1002.3399999999965,1321.7510000000002
2025-07-02 11:36:37.812074,47564.55,48192.84,47527.55,47982.93,1144.08,0.5069331947557902,665.2899999999936,1312.382
2025-07-02 12:36:37.812108,47937.16,48190.51,47857.61,47946.41,4801.84,0.2641608548369062,332.90000000000146,1260.217
2025-07-02 13:36:37.812126,48041.18,49067.53,47551.32,48733.96,2129.98,1.152253022820341,1516.2099999999991,1315.8654999999999
2025-07-02 14:36:37.812142,48657.73,49223.72,48236.09,48825.41,4570.23,0.7404303076898314,987.6300000000047,1333.8595
2025-07-02 15:36:37.812158,48819.19,49263.98,48713.03,49005.94,3364.52,0.421568837496866,550.9500000000044,1306.9040000000005
2025-07-02 16:36:37.812173,49079.99,49176.06,48570.53,48818.27,1828.3,0.46321540476365225,605.5299999999988,1307.2320000000004
2025-07-02 17:36:37.812188,48691.13,48933.06,48532.79,48779.44,2328.76,0.3175751719005412,400.2699999999968,1260.3945000000003
2025-07-02 18:36:37.812204,48789.15,49509.11,48304.81,48938.59,1606.38,1.0082283252467745,1204.300000000003,1194.4715000000003
2025-07-02 19:36:37.812219,48851.55,49227.47,47995.21,48028.42,1511.47,1.0390365980754908,1232.260000000002,1185.9640000000006
2025-07-02 20:36:37.812258,48043.78,48043.78,45936.55,46267.87,3090.04,1.7044346052242012,2107.229999999996,1236.3220000000006
2025-07-02 21:36:37.812274,46217.56,47130.69,46217.3,47090.48,3917.38,0.7685805800431912,913.3899999999994,1188.4115000000006
2025-07-02 22:36:37.812289,47039.35,47459.49,46395.5,47241.69,3967.59,0.9186927673418901,1063.989999999998,1158.1565000000003
2025-07-02 23:36:37.812305,47160.16,47435.67,46528.41,47131.96,4267.12,0.7698894036042856,907.2599999999948,1178.429
2025-07-03 00:36:37.812320,47100.03,47248.37,46844.22,47143.17,4226.77,0.3649445539824932,404.15000000000146,1107.4285
2025-07-03 01:36:37.812337,47115.0,48041.41,46459.77,47455.95,1313.82,1.4720276677616375,1581.6400000000067,1074.4635000000003
2025-07-03 02:36:37.812353,47523.45,47941.59,47005.91,47104.55,4122.53,0.9402869358421518,935.679999999993,995.1004999999998
2025-07-03 03:36:37.812370,47135.19,47320.02,45967.84,46413.12,4036.02,1.3754785433057857,1352.1800000000003,983.0614999999998
2025-07-03 04:36:37.812388,46343.35,46677.93,46236.1,46569.64,2477.12,0.4587884259838561,441.83000000000175,963.0364999999998
2025-07-03 05:36:37.812405,46594.53,47248.04,45123.35,45545.75,4683.98,2.090230460626121,2124.6900000000023,1016.4859999999996
2025-07-03 06:36:37.812422,45586.18,46485.21,44966.24,45960.75,2096.29,1.457300678536052,1518.9700000000012,1042.3174999999999
2025-07-03 07:36:37.812438,45935.09,46194.93,44342.28,45099.91,4426.15,1.681650525490261,1852.6500000000015,1101.6855000000003
2025-07-03 08:36:37.812455,45050.29,46423.16,44649.19,45904.32,4788.36,1.5113837062583766,1773.9700000000012,1173.7390000000003
2025-07-03 09:36:37.812470,45854.21,46820.41,45447.45,46384.98,2537.42,1.1769138157677663,1372.9600000000064,1166.5765000000006
2025-07-03 10:36:37.812486,46367.03,46737.05,46365.37,46615.11,3814.8,0.32724676191406965,371.6800000000003,1135.7790000000005
2025-07-03 11:36:37.812503,46544.35,48559.96,45720.73,47849.49,3185.72,2.2710333524503783,2839.229999999996,1250.193
2025-07-03 12:36:37.812519,47832.4,49740.75,47311.36,49687.42,3873.82,1.8111043353665532,2429.3899999999994,1341.386
2025-07-03 13:36:37.812535,49711.87,50855.39,49346.59,50346.27,1526.86,1.0801736095574763,1508.800000000003,1396.8125000000005
2025-07-03 14:36:37.812552,50319.79,50461.2,49000.33,49278.88,2160.18,1.036341877116227,1460.8699999999953,1409.641
2025-07-03 15:36:37.812569,49331.12,49558.32,47261.52,47828.37,3286.98,1.570066472162904,2296.800000000003,1462.868
2025-07-03 16:36:37.812585,47857.88,48616.03,47493.79,47503.97,3696.08,0.7938775560732956,1122.239999999998,1413.6185
2025-07-03 17:36:37.812601,47419.59,47573.92,47358.72,47521.01,3485.17,0.1560880504878093,215.1999999999971,1378.709
2025-07-03 18:36:37.812618,47540.43,48539.85,47363.57,48219.51,1273.41,0.8497146801307635,1176.2799999999988,1384.3235
2025-07-03 19:36:37.812634,48193.67,48755.19,47183.99,47456.33,1226.34,1.1084143051193995,1571.2000000000044,1417.5205000000005
2025-07-03 20:36:37.812649,47375.31,48031.53,47084.32,47603.28,3685.92,0.6556567971932751,947.2099999999991,1444.6735000000003
2025-07-03 21:36:37.812665,47586.15,48095.25,46701.58,46770.31,2111.41,0.9710125237323844,1393.6699999999983,1435.275
2025-07-03 22:36:37.812680,46708.29,46863.16,45859.96,46211.4,1270.01,0.6973199198415766,1003.2000000000044,1438.6510000000005
2025-07-03 23:36:37.812695,46200.76,46607.85,44452.47,44841.18,2690.91,1.457508768869042,2155.3799999999974,1478.8110000000004
2025-07-04 00:36:37.812710,44799.74,44961.18,43529.66,43636.96,1821.33,0.9366774946337254,1431.5199999999968,1528.2955000000002
2025-07-04 01:36:37.812725,43596.74,43919.33,42105.29,42581.04,3414.55,1.199156774722809,1814.0400000000009,1512.7630000000001
2025-07-04 02:36:37.812741,42538.29,42551.37,41191.48,41356.13,2189.16,0.903696083689026,1359.8899999999994,1504.809
2025-07-04 03:36:37.812756,41425.34,42693.52,41374.59,42570.45,1060.44,0.8923005730916846,1318.9300000000003,1478.123
2025-07-04 04:36:37.812771,42627.52,42840.33,41423.69,41997.11,3826.52,0.9701309324765885,1416.6399999999994,1460.2565
2025-07-04 05:36:37.812786,41949.97,43597.21,41439.65,43245.05,4786.93,1.4388659050948431,2157.5599999999977,1499.4864999999995
2025-07-04 06:36:37.812801,43205.37,43520.3,43020.06,43489.93,3946.14,0.33218353366011505,500.24000000000524,1505.9144999999996
2025-07-04 07:36:37.812816,43506.92,44126.9,42958.51,43561.54,2632.61,0.8214374223348662,1168.3899999999994,1422.3725
2025-07-04 08:36:37.812832,43503.76,43575.82,43073.8,43105.09,2801.02,0.378596142998058,502.0199999999968,1326.0039999999997
2025-07-04 09:36:37.812847,43153.56,43977.7,42545.98,43807.35,4908.03,1.0828725938811745,1431.719999999994,1322.1499999999992
2025-07-04 10:36:37.812862,43792.72,43794.32,43423.38,43506.94,1370.5,0.29261939481096566,370.9400000000023,1267.6534999999997
2025-07-04 11:36:37.812877,43501.22,43765.95,43191.44,43581.45,3893.79,0.4862387106985001,574.5099999999948,1181.5389999999993
2025-07-04 12:36:37.812892,43617.45,46648.7,43535.4,46569.84,3550.75,2.4301923671367844,3113.2999999999956,1281.0919999999992
2025-07-04 13:36:37.812907,46546.41,46610.79,46225.83,46509.33,3954.89,0.2985157958405057,384.9599999999991,1289.5799999999992
2025-07-04 14:36:37.812922,46521.58,47935.87,46491.22,47900.69,2083.23,1.108711944027566,1444.6500000000015,1302.9984999999992
2025-07-04 15:36:37.812938,47897.47,48145.69,47153.99,47359.53,3691.49,0.7784000844568447,991.7000000000044,1274.0234999999993
2025-07-04 16:36:37.812953,47325.63,47508.69,47163.23,47324.55,4220.36,0.2777152522316255,345.4599999999991,1243.9359999999992
2025-07-04 17:36:37.812968,47328.15,49494.61,46777.11,49315.68,3971.53,2.074225600180136,2717.5,1310.1274999999994
2025-07-04 18:36:37.812983,49352.3,49769.39,48547.32,48602.08,2484.45,0.9250600459778471,1222.0699999999997,1321.0709999999992
2025-07-04 19:36:37.812998,48654.23,51289.82,48275.46,51013.44,4581.38,2.2099089456166348,3014.3600000000006,1364.0199999999993
2025-07-04 20:36:37.813014,51134.03,52510.41,50775.38,51888.88,3520.99,1.2580014943494278,1735.030000000006,1379.1954999999998
2025-07-04 21:36:37.813029,51857.44,52024.42,50866.14,51111.13,4745.12,0.8602744711389375,1158.2799999999988,1346.4074999999998
2025-07-04 22:36:37.813047,51199.01,51761.16,51141.84,51599.87,2775.68,0.47298757655347073,619.320000000007,1309.3790000000001
2025-07-04 23:36:37.813063,51601.18,52271.43,51524.16,52262.62,4708.44,0.5834418595935629,747.2699999999968,1280.7959999999998
2025-07-05 00:36:37.813089,52162.3,53247.3,52060.78,53057.87,3620.69,0.9347903158458697,1186.520000000004,1269.2900000000002
2025-07-05 01:36:37.813108,53043.07,53070.34,50790.47,50862.3,3656.88,1.787564817620745,2279.8699999999953,1275.4055
2025-07-05 02:36:37.813124,50848.07,51639.09,49076.62,49742.31,1441.73,1.8588599197543412,2562.469999999994,1378.5169999999994
2025-07-05 03:36:37.813139,49688.33,49891.64,49288.89,49500.3,2427.54,0.44640377415783195,602.75,1350.2349999999994
2025-07-05 04:36:37.813155,49459.44,49833.94,49061.92,49418.67,2231.18,0.566107051589938,772.0200000000041,1363.735
2025-07-05 05:36:37.813170,49412.47,50538.25,48907.32,50184.16,4764.48,1.1872572924640141,1630.9300000000003,1373.6955000000003
2025-07-05 06:36:37.813186,50200.62,50412.84,49830.39,50316.15,3213.48,0.42076298643834703,582.4499999999971,1384.271
2025-07-05 07:36:37.813204,50334.64,50736.62,47877.76,48375.32,4435.06,1.9078291224790849,2858.8600000000006,1498.4885000000002
2025-07-05 08:36:37.813220,48360.16,49219.3,47857.01,48857.35,1641.46,0.9655208095607322,1362.2900000000009,1410.9380000000006
2025-07-05 09:36:37.813235,48884.49,49564.69,48796.9,49393.62,1661.14,0.5368862360449196,767.7900000000009,1430.0795000000005
2025-07-05 10:36:37.813252,49348.24,50165.05,49248.31,50066.99,3059.73,0.653095711000485,916.7400000000052,1403.6840000000007
2025-07-05 11:36:37.813268,50031.46,51436.91,49966.02,51405.91,3076.9,1.0302922263156074,1470.8900000000067,1427.6435000000008
2025-07-05 12:36:37.813284,51341.21,52076.89,51300.43,51903.56,2564.13,0.5357876639661983,776.4599999999991,1449.1935000000008
2025-07-05 13:36:37.813304,51956.57,52708.6,51795.31,52552.29,3163.62,0.6720393117500368,913.2900000000009,1358.9830000000009
2025-07-05 14:36:37.813320,52662.04,53235.66,52317.67,52457.93,3000.45,0.6831406057097219,917.9900000000052,1343.7790000000011
2025-07-05 15:36:37.813335,52475.13,52754.92,50065.44,50126.08,3422.55,2.025920220559152,2689.479999999996,1327.535000000001
2025-07-05 16:36:37.813350,50172.41,50540.91,50137.99,50459.66,3768.29,0.3195420521131477,402.92000000000553,1260.9295000000009
2025-07-05 17:36:37.813366,50502.98,50800.9,50332.41,50732.27,2677.09,0.38199178108998205,468.48999999999796,1226.440000000001
2025-07-05 18:36:37.813381,50720.36,51077.01,50709.92,50957.14,2897.02,0.30242328302557037,367.0900000000038,1213.8285000000008
2025-07-05 19:36:37.813397,51031.75,51193.31,50265.67,50272.04,3893.77,0.7585904041961086,927.6399999999994,1222.847000000001
2025-07-05 20:36:37.813412,50322.15,50846.68,48208.91,48724.2,4373.3,2.036244137471584,2637.769999999997,1295.4095000000004
2025-07-05 21:36:37.813427,48777.63,49564.46,48674.69,49311.23,4419.9,0.7258069449944888,889.7699999999968,1225.9045000000006
2025-07-05 22:36:37.813444,49280.38,49712.83,49188.89,49259.1,2551.3,0.4661479139271426,523.9400000000023,1123.978000000001
2025-07-05 23:36:37.813460,49256.99,50272.92,48463.89,50212.38,2557.62,1.5275202399408234,1809.0299999999988,1184.2920000000008
2025-07-06 00:36:37.813476,50215.29,50866.12,50171.74,50232.8,3593.27,0.5882532340458011,694.3800000000047,1180.410000000001
2025-07-06 01:36:37.813491,50293.08,50381.1,50041.43,50243.92,3236.24,0.30440553229967726,339.66999999999825,1115.847000000001
2025-07-06 02:36:37.813506,50219.2,51387.86,50063.3,51289.96,2490.13,1.148841777957025,1324.5599999999977,1152.9525000000008
2025-07-06 03:36:37.813522,51258.95,51402.52,50635.74,50766.2,3835.06,0.7314170812473126,766.7799999999988,1048.3485000000007
2025-07-06 04:36:37.813537,50654.23,50852.67,50561.0,50822.0,2935.96,0.29318945434715216,291.66999999999825,994.8175000000007
2025-07-06 05:36:37.813553,50852.44,50927.69,50401.75,50410.87,4066.06,0.5351853265155582,525.9400000000023,982.7250000000007
2025-07-06 06:36:37.813568,50444.56,50975.34,49365.24,49875.51,4212.01,1.582574285453112,1610.0999999999985,1017.3930000000004
2025-07-06 07:36:37.813584,49895.95,50277.6,49011.11,49467.67,1679.52,1.2574701664957242,1266.489999999998,1007.173
2025-07-06 08:36:37.813599,49425.07,50012.03,49187.48,49729.96,4632.91,0.8167277895951482,824.5499999999956,1009.5774999999998
2025-07-06 09:36:37.813614,49814.5,50556.49,48611.07,49094.1,3529.57,1.8332541764670394,1945.4199999999983,1061.1839999999997
2025-07-06 10:36:37.813629,49146.7,49929.45,48953.18,49801.43,2083.77,0.9174624893571809,976.2699999999968,1064.0979999999993
2025-07-06 11:36:37.813644,49747.16,49814.41,48760.35,48893.28,4631.35,1.0730235451127836,1054.060000000005,982.3269999999997
2025-07-06 12:36:37.813660,48854.91,48962.64,48725.51,48769.63,3784.62,0.24345058583473178,237.12999999999738,974.0374999999992
2025-07-06 13:36:37.813676,48794.54,49170.58,48169.22,48297.65,3769.44,1.0006785379156806,1001.3600000000006,1000.6809999999994
2025-07-06 14:36:37.813692,48347.43,49942.29,48110.0,49591.92,2298.05,1.7061365568499591,1832.2900000000009,1073.9409999999993
2025-07-06 15:36:37.813708,49621.54,49925.26,49389.6,49840.05,2058.54,0.5080514671709975,535.6600000000035,1054.3419999999994
2025-07-06 16:36:37.813723,49792.78,51304.18,49208.93,50692.62,4043.41,2.0397365305836366,2095.25,1027.2159999999997
2025-07-06 17:36:37.813738,50705.82,50815.74,49611.1,49740.11,1124.6,1.1550208804848126,1204.6399999999994,1042.9594999999997
2025-07-06 18:36:37.813753,49713.31,49900.44,49392.5,49888.15,1973.59,0.4873918051891313,507.9400000000023,1042.1594999999998
2025-07-06 19:36:37.813769,49892.9,51202.05,49289.48,50984.96,4552.47,1.8261275148913458,1912.5699999999997,1047.3365
2025-07-06 20:36:37.813784,50971.53,51457.37,50526.91,51055.23,4301.66,0.8785047876084424,930.4599999999991,1059.1404999999995
2025-07-06 21:36:37.813799,51079.19,51747.8,50991.33,51685.55,4995.57,0.7004478321599338,756.4700000000012,1079.9804999999997
2025-07-06 22:36:37.813814,51606.18,51932.9,50996.89,51349.14,4432.09,0.8825678678953359,936.010000000002,1060.5529999999999
2025-07-06 23:36:37.813829,51296.94,53088.85,50887.71,53063.39,4134.95,1.9440045713437857,2201.1399999999994,1132.271
2025-07-07 00:36:37.813845,53050.44,54654.41,52593.27,54435.88,1928.07,1.688428659723641,2061.1400000000067,1220.7445000000002
2025-07-07 01:36:37.813860,54469.75,54591.75,53881.84,53888.07,4348.48,0.5771893494251386,709.9100000000035,1229.9430000000004
2025-07-07 02:36:37.813876,53959.69,54389.19,52807.26,53283.43,4457.73,1.2876561464085865,1581.9300000000003,1228.5345000000004
2025-07-07 03:36:37.813892,53291.15,54700.24,52974.56,54158.57,3829.59,1.3788959435682469,1725.6800000000003,1251.4940000000006
2025-07-07 04:36:37.813907,54159.87,55255.05,53842.7,55133.43,4712.73,1.102636928871002,1412.3500000000058,1280.8840000000012
2025-07-07 05:36:37.813922,55153.7,55388.3,53146.34,54250.0,4924.47,1.7302932521218108,2241.9600000000064,1295.7110000000016
2025-07-07 06:36:37.813938,54136.08,54767.96,53263.72,53825.45,3372.63,1.1377575004188354,1504.239999999998,1322.1095000000016
2025-07-07 07:36:37.813953,53930.63,54061.68,53463.33,53535.5,4766.77,0.4605086952907804,598.3499999999985,1299.3240000000012
2025-07-07 08:36:37.813969,53508.42,53659.68,51411.06,51619.92,3788.54,1.6062735976929756,2248.6200000000026,1399.8985000000016
2025-07-07 09:36:37.813984,51581.59,52062.39,49769.3,50222.4,1717.42,1.5657995814228172,2293.0899999999965,1464.4850000000013
2025-07-07 10:36:37.814002,50198.03,50556.31,48173.68,48699.29,4349.47,1.5969348566556851,2382.6299999999974,1492.002000000001
2025-07-07 11:36:37.814018,48774.98,49010.32,47512.94,47738.35,4843.68,0.9722691170894108,1497.3799999999974,1540.0880000000009
2025-07-07 12:36:37.814034,47779.12,48070.38,47446.48,47686.1,1614.76,0.42542876147997516,623.8999999999942,1466.5205000000005
2025-07-07 13:36:37.814049,47704.53,48154.39,47337.35,47793.19,2419.7,0.564589271048665,817.0400000000009,1447.1405000000007
2025-07-07 14:36:37.814065,47783.42,49668.43,47706.23,49662.65,1338.26,1.291045485633975,1962.199999999997,1519.8535000000004
2025-07-07 15:36:37.814081,49606.5,50191.57,47988.05,48588.79,1786.61,1.436078313296196,2203.519999999997,1534.4010000000003
2025-07-07 16:36:37.814097,48619.05,49679.36,47973.72,49449.0,4988.95,1.084212667497266,1705.6399999999994,1573.1600000000003
2025-07-07 17:36:37.814113,49461.52,49618.4,49052.11,49127.06,4389.55,0.3621588193273312,566.2900000000009,1563.6510000000003
2025-07-07 18:36:37.814128,49167.36,49228.62,49060.91,49073.15,4901.37,0.10995675423344264,167.70999999999913,1525.236
2025-07-07 19:36:37.814144,49063.05,49769.21,48876.57,49706.36,1917.46,0.6114764171526309,892.6399999999994,1459.8110000000001
2025-07-07 20:36:37.814160,49669.26,49814.84,49056.32,49111.06,1669.96,0.543866693435051,758.5199999999968,1394.6799999999996
2025-07-07 21:36:37.814176,49108.03,49524.55,48895.95,49450.6,2305.02,0.45203037937545304,628.6000000000058,1390.6144999999997
2025-07-07 22:36:37.814192,49474.3,49609.74,49422.95,49517.67,2025.85,0.14141570911320936,186.79000000000087,1320.8574999999996
2025-07-07 23:36:37.814207,49495.08,49889.67,49130.83,49794.89,1587.69,0.5963306537327026,758.8399999999965,1272.5154999999995
2025-07-08 00:36:37.814222,49803.93,50328.52,49735.74,49947.99,1330.95,0.4813334881534207,592.7799999999988,1231.5369999999991
2025-07-08 01:36:37.814239,49976.61,53239.42,49891.72,52741.87,3322.8,2.601521264757263,3347.699999999997,1286.8239999999987
2025-07-08 02:36:37.814254,52647.68,52738.82,51482.62,51877.38,2094.56,0.9857017534223346,1256.199999999997,1274.4219999999987
2025-07-08 03:36:37.814269,51873.2,52057.83,50759.2,51254.66,1227.91,0.9917475920930886,1298.6300000000047,1309.435999999999
2025-07-08 04:36:37.814286,51211.96,51458.39,49905.38,50295.1,3297.15,1.2183762593108518,1553.010000000002,1274.655499999999
2025-07-08 05:36:37.814304,50319.34,50552.48,49381.54,49781.16,4360.43,0.9609305501301574,1170.9400000000023,1218.5479999999993
2025-07-08 06:36:37.814320,49799.52,50708.67,48878.03,49257.69,1780.67,1.5371277599325248,1830.6399999999994,1190.9484999999993
2025-07-08 07:36:37.814337,49255.11,51130.31,48744.92,50836.22,2445.62,1.9309442109072015,2385.3899999999994,1235.3489999999995
2025-07-08 08:36:37.814355,50922.85,52242.09,50611.23,51855.87,2815.96,1.2684637204566815,1630.8599999999933,1285.6969999999994
2025-07-08 09:36:37.814373,51843.25,52678.9,50809.69,50963.82,3270.91,1.396699034712179,1869.2099999999991,1338.3054999999993
2025-07-08 10:36:37.814391,50948.54,51270.66,50079.67,50503.83,1919.31,0.9163258946947328,1190.9900000000052,1299.7449999999997
2025-07-08 11:36:37.814408,50578.42,51274.22,50191.45,51178.49,1741.08,0.87059859331877,1082.770000000004,1243.7075
2025-07-08 12:36:37.814426,51118.72,51203.42,50775.07,50845.88,4302.84,0.36305677958846944,428.34999999999854,1179.843
2025-07-08 13:36:37.814445,50789.71,51873.26,50454.47,51715.86,2469.56,1.1605947967554167,1418.7900000000009,1222.468
2025-07-08 14:36:37.814462,51727.26,52029.14,51539.92,51905.71,4183.71,0.3949962193495837,489.22000000000116,1238.5435000000002
2025-07-08 15:36:37.814479,51848.5,51914.03,49268.08,49530.57,1998.68,1.9951229406526398,2645.949999999997,1326.209
2025-07-08 16:36:37.814496,49564.32,50385.7,49241.82,50385.45,4170.38,0.850166892484968,1143.8799999999974,1345.477
2025-07-08 17:36:37.814512,50353.34,52610.78,50090.27,52267.49,1375.11,1.750266045633121,2520.510000000002,1440.0724999999998
2025-07-08 18:36:37.814531,52291.44,52857.2,51275.59,51300.21,2165.84,1.0475532242889607,1581.6100000000006,1509.8134999999997
2025-07-08 19:36:37.814548,51315.2,51470.16,50713.29,50867.66,4042.3,0.5013330330559096,756.8700000000026,1509.7150000000001
2025-07-08 20:36:37.814564,50858.13,51309.32,50735.88,51170.79,3387.64,0.38007672586807223,573.4400000000023,1508.7480000000003
2025-07-08 21:36:37.814581,51143.86,52468.76,50955.29,51554.61,1121.85,1.068052940061883,1513.4700000000012,1417.0365000000006
2025-07-08 22:36:37.814597,51626.19,52291.27,51455.0,52177.14,3460.52,0.5990301137503199,836.2699999999968,1396.0400000000004
2025-07-08 23:36:37.814613,52203.66,54570.46,52166.2,54516.55,3204.64,1.656600553357751,2404.260000000002,1451.3215000000005
2025-07-09 00:36:37.814630,54730.59,55223.89,54185.86,54280.31,1099.89,0.7281495679805823,1038.0299999999988,1425.5725000000002
2025-07-09 01:36:37.814648,54249.38,54611.68,52871.75,53039.13,1693.98,1.1966325131256612,1739.9300000000003,1454.0220000000002
2025-07-09 02:36:37.814663,53056.61,53451.86,52021.46,52214.83,4003.08,0.9974825838034611,1430.4000000000015,1434.0100000000002
2025-07-09 03:36:37.814680,52176.66,52348.47,51449.43,51592.93,4716.58,0.6612083246763519,899.0400000000009,1359.6925000000003
2025-07-09 04:36:37.814697,51632.03,51666.41,51507.96,51517.92,4307.43,0.12320461062833517,158.45000000000437,1286.0720000000008
2025-07-09 05:36:37.814714,51480.88,54299.35,51460.28,54063.21,4845.97,2.1273373721025184,2839.0699999999997,1334.565000000001
2025-07-09 06:36:37.814731,54103.49,54852.47,53288.71,53501.8,3445.85,1.1555985481858428,1563.760000000002,1353.2035000000008
2025-07-09 07:36:37.814747,53548.3,54524.65,52818.81,53743.8,3956.27,1.2322255025257234,1705.8400000000038,1384.3570000000007
2025-07-09 08:36:37.814764,53719.31,53835.75,53305.48,53703.78,1041.14,0.38163939334399694,530.2699999999968,1389.4530000000007
2025-07-09 09:36:37.814780,53750.83,55401.33,53484.52,54555.89,2359.89,1.3552547664870351,1916.810000000005,1414.3540000000007
2025-07-09 10:36:37.814796,54636.24,57290.38,54574.94,57186.41,2373.55,1.7798402663756423,2715.439999999995,1525.6650000000004
2025-07-09 11:36:37.814813,57223.04,57285.99,56546.43,56640.49,1651.16,0.5170499015797214,739.5599999999977,1430.3455000000006
2025-07-09 12:36:37.814828,56629.7,56745.64,55266.3,56012.21,2786.86,1.022265971998835,1479.3399999999965,1447.1185000000005
2025-07-09 13:36:37.814845,56001.74,57098.5,55505.15,56660.91,4015.47,1.1374892424507959,1593.3499999999985,1400.7605000000003
2025-07-09 14:36:37.814862,56568.53,58490.2,55920.2,57772.9,4028.19,1.772193796632142,2570.0,1450.1800000000003
2025-07-09 15:36:37.814877,57718.08,61009.12,57514.24,60916.39,4582.25,2.2020811168683654,3494.8800000000047,1587.0805000000005
